Frame,Emotion,Time,NE_PROB,HA_PROB,SA_PROB,SU_PROB,FE_PROB,DI_PROB,AN_PROB
0,Neutral,0.0,0.9457217,0.01973438,0.0023998744,0.012709247,0.0016932659,0.009911682,0.007829959
1,Neutral,0.4720771312713623,0.9459864,0.019581981,0.002386684,0.01267136,0.001671128,0.009803651,0.007898745
2,Neutral,0.7231340408325195,0.9474148,0.019338133,0.0023210945,0.012189249,0.0015806585,0.009408873,0.0077472846
3,Neutral,0.9550368785858154,0.94950026,0.019108027,0.0022280253,0.011595887,0.0014195652,0.008793026,0.007355146
4,Neutral,1.155137062072754,0.95220566,0.018643716,0.0021282728,0.011013974,0.0012374431,0.0080113355,0.0067597292
5,Neutral,1.3691179752349854,0.95526606,0.018017577,0.002015072,0.010474045,0.0010645725,0.007124833,0.0060380166
6,Neutral,1.5739400386810303,0.9582685,0.017161671,0.001872886,0.010082416,0.0009351939,0.006279164,0.005400062
7,Neutral,1.7996299266815186,0.9600399,0.016517028,0.0017870198,0.01004308,0.0008499497,0.005733477,0.005029376
8,Neutral,2.0467710494995117,0.9605045,0.016101247,0.001775662,0.010333971,0.0008039904,0.0055722427,0.0049084066
9,Neutral,2.256274938583374,0.9609445,0.015599861,0.0017726008,0.010660204,0.0007671095,0.005443708,0.004811917
10,Neutral,2.4567739963531494,0.9609491,0.015217754,0.0017877988,0.011151754,0.0007437123,0.0053903097,0.0047596
11,Neutral,2.6582112312316895,0.9613496,0.014826292,0.0018084432,0.011452478,0.0007330397,0.0053515094,0.004478583
12,Neutral,2.864264965057373,0.95874494,0.015090188,0.0018383235,0.012483367,0.00080424297,0.0060763806,0.0049624206
13,Neutral,3.091378927230835,0.9550971,0.015765829,0.0018255789,0.013395695,0.0009145409,0.007005304,0.005996007
14,Neutral,3.279843807220459,0.9497853,0.017029816,0.001833308,0.01448465,0.0010677215,0.008369341,0.007429909
15,Neutral,3.482050895690918,0.94157517,0.018774658,0.0019325626,0.01619898,0.0012944862,0.010604936,0.009619167
16,Neutral,3.680608034133911,0.9350306,0.020503238,0.0020708358,0.017970469,0.0014668173,0.01194297,0.011015145
17,Neutral,3.899962902069092,0.9349848,0.021161066,0.00203058,0.018035907,0.0014350301,0.011465422,0.010887201
18,Neutral,4.101372957229614,0.93611103,0.021734083,0.0019354918,0.018032413,0.0013545449,0.010422248,0.0104101645
19,Neutral,4.301202058792114,0.937507,0.022165397,0.0018872523,0.017246084,0.0012780027,0.009855807,0.01006049
20,Neutral,4.495604038238525,0.93972623,0.022386765,0.0018133564,0.016148789,0.0011910662,0.009169342,0.009564396
21,Neutral,4.707356929779053,0.9395722,0.024082953,0.0017134689,0.015853604,0.0011376763,0.008407263,0.009232825
22,Neutral,4.910924196243286,0.9407353,0.02646093,0.0015957222,0.015160089,0.000988366,0.007557031,0.0075026206
23,Neutral,5.121216058731079,0.94156396,0.029045224,0.0015428163,0.014195385,0.0008568946,0.006864747,0.00593089
24,Neutral,5.317740201950073,0.9334346,0.036898606,0.0014819278,0.015047015,0.00081866287,0.0067444625,0.00557473
25,Neutral,5.521464109420776,0.9248485,0.046219178,0.0013848768,0.01573467,0.0007652419,0.0061174645,0.004930051
26,Neutral,5.711945056915283,0.9158532,0.055698395,0.0013252491,0.016126866,0.00072314026,0.0059110164,0.00436229
27,Neutral,5.914113998413086,0.89591795,0.07275004,0.0012999767,0.018243914,0.000764405,0.0062417546,0.0047820713
28,Neutral,6.129270076751709,0.8906421,0.07816826,0.0012690311,0.018470291,0.0007375641,0.005980403,0.004732283
29,Neutral,6.340539932250977,0.88900304,0.07926405,0.0012999538,0.018933121,0.0007155977,0.0060080597,0.004776349
30,Neutral,6.556810140609741,0.89455366,0.07364649,0.0013584298,0.01898165,0.0007007938,0.0060273055,0.00473157
31,Neutral,6.748292922973633,0.9132253,0.057400156,0.0014176848,0.01723888,0.0006496821,0.0057811677,0.004287201
32,Neutral,6.94042706489563,0.9239796,0.045983866,0.0014580145,0.017658448,0.0006999574,0.0059074177,0.0043127835
33,Neutral,7.146786212921143,0.925201,0.04138856,0.0015293933,0.019507274,0.00081679417,0.0064395145,0.0051173694
34,Neutral,7.352777004241943,0.92740273,0.03713152,0.0016229327,0.020231243,0.00091776886,0.0069790347,0.0057148184
35,Neutral,7.550980806350708,0.9287819,0.034065697,0.001704645,0.020555906,0.0010206419,0.0076686796,0.006202473
36,Neutral,7.762789011001587,0.9312451,0.030655231,0.0017869982,0.02048957,0.0011398705,0.008134816,0.0065484256
37,Neutral,7.970016002655029,0.9328223,0.028751792,0.0016759259,0.02048969,0.00124237,0.008707489,0.0063104546
38,Neutral,8.179821014404297,0.93006617,0.030480428,0.0016088326,0.020460105,0.0012921921,0.009220101,0.0068721627
39,Neutral,8.383448123931885,0.9248538,0.033521533,0.0016033193,0.021140164,0.0013650091,0.0096394485,0.007876757
40,Neutral,8.599427938461304,0.91946393,0.036353584,0.0016245219,0.021810895,0.0014455096,0.010236092,0.00906538
41,Neutral,8.81069302558899,0.9175232,0.036240697,0.0016201517,0.022035738,0.0015756873,0.01072574,0.0102786925
42,Neutral,9.014336109161377,0.9322007,0.030707618,0.0015441298,0.01862704,0.0012987404,0.008062029,0.0075598746
43,Neutral,9.206872940063477,0.9456705,0.024792768,0.0015361469,0.015091189,0.0010750089,0.0062250746,0.0056093833
44,Neutral,9.401726007461548,0.9419728,0.024819298,0.0016325146,0.01649666,0.0012519449,0.0066796984,0.0071470235
45,Neutral,9.598052978515625,0.93778837,0.024418626,0.0017812726,0.018094858,0.0015054535,0.007209027,0.0092024775
46,Neutral,9.793416023254395,0.9296337,0.02591467,0.001960098,0.019978764,0.0018349652,0.0084518595,0.012225864
47,Neutral,9.985088109970093,0.9264948,0.028116604,0.0019899732,0.020328172,0.0018884086,0.00805457,0.013127507
48,Neutral,10.178521871566772,0.92168224,0.031183437,0.0020615188,0.020717937,0.0019212757,0.008115249,0.014318494
49,Neutral,10.378151893615723,0.92315185,0.031593934,0.0020988407,0.01982036,0.0018167183,0.0072051566,0.014313082
50,Neutral,10.611988067626953,0.9258039,0.031191941,0.0021225202,0.018682446,0.0016915463,0.006171822,0.014335787
51,Neutral,10.81328797340393,0.92854756,0.029950835,0.0022630326,0.017559078,0.0015930125,0.0060076844,0.014078854
52,Neutral,11.014177083969116,0.937144,0.026295256,0.0023489485,0.015307897,0.0013908626,0.0052093994,0.012303666
53,Neutral,11.211570024490356,0.9450165,0.023192916,0.0023932059,0.013417968,0.0012062698,0.004544178,0.010228936
54,Neutral,11.408048868179321,0.9542068,0.019522952,0.0023686597,0.011727439,0.0009966007,0.0036861696,0.0074913516
55,Neutral,11.64500093460083,0.9606234,0.016644994,0.0024109888,0.010598563,0.00086503645,0.003077331,0.0057795346
56,Neutral,11.863821983337402,0.965968,0.01401187,0.002489034,0.0097667575,0.0007685139,0.0025561256,0.0044396613
57,Neutral,12.302282094955444,0.9684995,0.012397128,0.0027011288,0.00960891,0.0007485899,0.0023740618,0.0036706738
58,Neutral,12.491788148880005,0.9693907,0.011830534,0.0028549652,0.009908881,0.00073317654,0.002261955,0.0030198214
59,Neutral,12.71988296508789,0.9685929,0.011664355,0.0031815092,0.010520018,0.0007775039,0.0024932213,0.0027704902
60,Neutral,12.916425943374634,0.96778315,0.011509611,0.0034621637,0.011225773,0.0008294395,0.0026757391,0.0025141567
61,Neutral,13.119896173477173,0.9668111,0.011518937,0.0036611329,0.012030402,0.00088769034,0.0028057857,0.0022848565
62,Neutral,13.320077180862427,0.9650695,0.011706096,0.0039474126,0.01302286,0.0009652595,0.0030982206,0.0021907126
63,Neutral,13.526289939880371,0.9642326,0.011651759,0.004051261,0.013586004,0.00102595,0.0032377944,0.0022145202
64,Neutral,13.741826057434082,0.96457934,0.01171494,0.004040138,0.013234752,0.0009665024,0.0033091803,0.002155041
65,Neutral,13.948233127593994,0.9649526,0.012064518,0.0039595873,0.0127871465,0.0008889385,0.0033192332,0.0020279987
66,Neutral,14.160221099853516,0.96589035,0.012434389,0.0038346336,0.0117933415,0.000776747,0.0033730925,0.0018974614
67,Neutral,14.382410049438477,0.9670164,0.012253861,0.0035128163,0.011138254,0.000714266,0.0033876193,0.0019767424
68,Neutral,14.585296869277954,0.9664699,0.012249996,0.0035328506,0.011077482,0.000709393,0.0036713101,0.0022889345
69,Neutral,14.789750099182129,0.9651239,0.012414271,0.003766294,0.01113778,0.0007224935,0.004120022,0.0027150996
70,Neutral,15.007552146911621,0.9623677,0.012751866,0.004266233,0.011219004,0.00077669095,0.005038372,0.0035801507
71,Neutral,15.207717895507812,0.9565738,0.013799301,0.0051350654,0.011694919,0.00090566406,0.0069673466,0.0049238224
72,Neutral,15.403414011001587,0.9487608,0.015540056,0.00593928,0.0122534875,0.0010478019,0.009807581,0.0066510276
73,Neutral,15.621056079864502,0.93803966,0.017908651,0.0067987274,0.012884602,0.0012598379,0.013671003,0.0094375145
74,Neutral,15.82185697555542,0.92365086,0.020618262,0.007582399,0.01359833,0.0015599797,0.019091744,0.013898573
75,Neutral,16.025582790374756,0.9010951,0.023328701,0.008674362,0.01466564,0.0020569726,0.027401078,0.022778118
76,Neutral,16.244879007339478,0.8612815,0.02741797,0.0097938385,0.01713428,0.003030518,0.041902564,0.039439328
77,Neutral,16.44923710823059,0.85384446,0.027696593,0.010605551,0.018050224,0.003200358,0.043678522,0.04292423
78,Neutral,16.657932996749878,0.8801273,0.02427674,0.008913371,0.01692963,0.0027711343,0.03406343,0.032918245
79,Neutral,16.874680995941162,0.9042008,0.021139668,0.007236821,0.015552175,0.0022727821,0.025324212,0.024273552
80,Neutral,17.08815908432007,0.9261434,0.018682126,0.0057130973,0.014585113,0.0017367002,0.016974524,0.016164972
81,Neutral,17.36110281944275,0.94445676,0.015174459,0.004510562,0.013353014,0.001346854,0.010335571,0.010822612
82,Neutral,17.55208706855774,0.95399046,0.013351272,0.0038103992,0.012729731,0.0011053345,0.006635746,0.008377073
83,Neutral,17.75123691558838,0.9587502,0.012023849,0.0035526827,0.012623745,0.0010025462,0.0050104223,0.007036442
84,Neutral,17.949955940246582,0.9622371,0.010864132,0.0033295387,0.0126475105,0.0009338946,0.003761846,0.0062259166
85,Neutral,18.154160022735596,0.96411395,0.009772579,0.003462936,0.012648129,0.00091852614,0.003094728,0.0059891744
86,Neutral,18.37431788444519,0.9668901,0.008472733,0.0036994952,0.012102383,0.0008844713,0.0025747945,0.005375949
87,Neutral,18.590675115585327,0.9672074,0.008178389,0.0036185507,0.011859889,0.00092967745,0.002595355,0.0056107086
88,Neutral,18.805538177490234,0.96525085,0.008176406,0.003839638,0.0119250035,0.0010274766,0.0029723693,0.0068082935
89,Neutral,19.022563934326172,0.9635677,0.008138204,0.0040481295,0.011628348,0.0011175006,0.00343105,0.008069169
90,Neutral,19.227665901184082,0.9624835,0.008015507,0.004371836,0.011133721,0.0011671556,0.0039709373,0.008857381
91,Neutral,19.44364023208618,0.9613275,0.008400094,0.004745098,0.010586165,0.001137584,0.004550872,0.0092526125
92,Neutral,19.655297994613647,0.9588301,0.009164625,0.0054344297,0.010235385,0.0011128177,0.0055859913,0.009636648
93,Neutral,19.88315200805664,0.95560026,0.010472769,0.006067906,0.010131232,0.001044368,0.006817169,0.009866204
94,Neutral,20.09827208518982,0.95031184,0.012168706,0.0069732442,0.010192178,0.0010160864,0.008725234,0.010612687
95,Neutral,20.310622930526733,0.9429048,0.014612569,0.007839007,0.010469054,0.0010212542,0.011110874,0.01204231
96,Neutral,20.518873929977417,0.93320554,0.01751944,0.008898775,0.010833846,0.0010554489,0.014317955,0.014169078
97,Neutral,20.739954948425293,0.9213596,0.02027714,0.01021901,0.01120893,0.001123072,0.018552797,0.017259419
98,Neutral,20.9588840007782,0.9093277,0.022767812,0.011446336,0.011459,0.0011972104,0.023262464,0.020539455
99,Neutral,21.193150997161865,0.8948622,0.025562363,0.012762253,0.011651396,0.0012760945,0.029368872,0.024517018
100,Neutral,21.396987915039062,0.8797709,0.02782357,0.014235213,0.011900177,0.0013672308,0.03664224,0.028260643
101,Neutral,21.607582092285156,0.8630189,0.029599495,0.015506474,0.012317525,0.0014891725,0.045976944,0.03209159
102,Neutral,21.81570601463318,0.85611194,0.027932407,0.016446214,0.012328593,0.001582735,0.052318573,0.033279512
103,Neutral,22.02955389022827,0.86055434,0.025039833,0.01683893,0.011833057,0.0015891646,0.05315743,0.030987296
104,Neutral,22.244529008865356,0.8656961,0.022193696,0.01711687,0.011412893,0.0015869883,0.05310449,0.02888897
105,Neutral,22.470650911331177,0.86918277,0.020325925,0.017165218,0.011188555,0.0015901657,0.05259099,0.027956452
106,Neutral,22.676591873168945,0.87999916,0.01823159,0.016075034,0.010844198,0.0015166888,0.047183007,0.026150173
107,Neutral,22.884934902191162,0.89151615,0.015956825,0.014965311,0.010319133,0.001440544,0.041412167,0.024389738
108,Neutral,23.082983016967773,0.9023295,0.01395944,0.013950211,0.009720454,0.0013313009,0.035571918,0.023137104
109,Neutral,23.303269863128662,0.9112258,0.0121481875,0.013263277,0.0091853505,0.0012513406,0.030672582,0.022253498
110,Neutral,23.513466835021973,0.9186899,0.010941069,0.0122117335,0.008840221,0.0011898831,0.026111742,0.022015322
111,Neutral,23.729105949401855,0.9210351,0.010415744,0.011630146,0.009024638,0.0012192536,0.02300766,0.023667384
112,Neutral,23.948683977127075,0.9171564,0.011046254,0.0112210745,0.009487296,0.0012768396,0.022277184,0.027534863
113,Neutral,24.161484003067017,0.906904,0.012646061,0.0108519,0.010614957,0.0014628146,0.023589706,0.03393055
114,Neutral,24.384284019470215,0.8907256,0.014899237,0.010418008,0.012306539,0.0017873875,0.025295608,0.044567548
115,Neutral,24.599854946136475,0.86612666,0.01831188,0.010485836,0.015152343,0.0023147105,0.028331779,0.05927699
116,Neutral,24.81730318069458,0.8324107,0.021579694,0.0112588,0.018031796,0.002997367,0.034311835,0.07940987
117,Neutral,25.03583598136902,0.77467704,0.02602229,0.01279527,0.022241559,0.0041607283,0.045899212,0.11420387
118,Neutral,25.26837992668152,0.7106788,0.0306464,0.014398131,0.026164453,0.0055535734,0.0626003,0.14995833
119,Neutral,25.482759952545166,0.632074,0.03570024,0.016163172,0.030456059,0.0074418364,0.08703196,0.19113275
120,Neutral,25.69873595237732,0.5661819,0.040685136,0.019313052,0.035144106,0.00919269,0.11293856,0.21654451
121,Neutral,25.927364826202393,0.5584502,0.042136088,0.022262102,0.036732722,0.01000952,0.12434771,0.20606166
122,Neutral,26.13566493988037,0.54620695,0.042951357,0.025631657,0.037776954,0.010833465,0.14304456,0.19355498
123,Neutral,26.345782995224,0.5612364,0.041743815,0.03026279,0.036933098,0.010595423,0.16903494,0.15019353
124,Neutral,26.557169914245605,0.58464664,0.039324936,0.03532153,0.035036154,0.009675046,0.19102103,0.10497469
125,Neutral,26.765070915222168,0.6093496,0.035262007,0.038681887,0.031383205,0.008185288,0.20943932,0.067698665
126,Neutral,26.975261926651,0.5838156,0.03561207,0.03884112,0.032491736,0.008692988,0.24180654,0.05873992
127,Neutral,27.183134078979492,0.5898497,0.0338188,0.038035303,0.03326827,0.008649681,0.24828076,0.04809749
128,Neutral,27.39034605026245,0.59434646,0.032680795,0.037180774,0.035613835,0.009035672,0.24627519,0.044867314
129,Neutral,27.602378129959106,0.5975175,0.032307543,0.0371753,0.03776714,0.009350481,0.24328563,0.0425964
130,Neutral,27.81316590309143,0.570228,0.03374544,0.034020014,0.04108768,0.010755113,0.26641878,0.043745022
131,Neutral,28.06756091117859,0.5213244,0.038434625,0.03560605,0.043079853,0.012518938,0.29121047,0.05782565
132,Neutral,28.267525911331177,0.51897955,0.049275436,0.039823156,0.04667571,0.013358031,0.25821477,0.07367344
133,Neutral,28.47737193107605,0.5302675,0.062874615,0.042827312,0.05238969,0.013926084,0.20980932,0.08790542
134,Neutral,28.731642961502075,0.5332808,0.07673246,0.047630593,0.05616003,0.014619535,0.16922784,0.10234871
135,Neutral,28.9354350566864,0.53535,0.09466908,0.055523247,0.055681065,0.01462927,0.13326548,0.11088186
136,Neutral,29.14572286605835,0.555541,0.10696054,0.06385885,0.050185114,0.013821306,0.10216106,0.10747217
137,Neutral,29.369616985321045,0.58205175,0.119687885,0.069727406,0.046046454,0.011647714,0.074549556,0.09628919
138,Neutral,29.576871871948242,0.570668,0.1390484,0.08341217,0.050349087,0.011614296,0.06010106,0.08480697
139,Neutral,29.790798902511597,0.5554486,0.15846585,0.100289255,0.05484541,0.011493093,0.04789852,0.07155928
140,Neutral,30.005584955215454,0.5923998,0.1545124,0.10266898,0.05236879,0.009138772,0.035918236,0.052993055
141,Neutral,30.21639394760132,0.55681354,0.17167895,0.105952255,0.06050107,0.010297765,0.04116784,0.05358854
142,Neutral,30.421128034591675,0.5498978,0.18653494,0.095174715,0.06522113,0.009932063,0.040960036,0.052279446
143,Neutral,30.635200023651123,0.5251525,0.20679633,0.089760534,0.071647905,0.0098852115,0.043566752,0.053190865
144,Neutral,30.868226766586304,0.49005684,0.2340107,0.082614414,0.08172739,0.01020794,0.042815056,0.05856761
145,Neutral,31.07753086090088,0.4243439,0.27995136,0.07503569,0.099973746,0.0111992555,0.041762643,0.06773333
146,Neutral,31.283178091049194,0.3541152,0.3206616,0.06741164,0.121312544,0.012491844,0.035473287,0.08853382
147,Happiness,7.152557373046875e-07,0.29595312,0.34097952,0.058871575,0.13395286,0.014711691,0.039039154,0.11649208
148,Happiness,0.20888495445251465,0.2758032,0.33587644,0.05089579,0.13587935,0.016072141,0.04080494,0.14466818
149,Happiness,0.42368388175964355,0.24951547,0.306801,0.047105327,0.13917907,0.019207982,0.041076995,0.1971142
150,Happiness,0.6387777328491211,0.26461995,0.29843208,0.0470906,0.13300692,0.018113129,0.04409643,0.19464098
151,Neutral,1.1920928955078125e-06,0.33140382,0.26584682,0.050423734,0.11378348,0.0154075865,0.044364918,0.17876966
152,Neutral,0.21140217781066895,0.4053037,0.23103194,0.049409043,0.09216864,0.012923983,0.050250053,0.15891252
153,Neutral,0.4234480857849121,0.44033873,0.20110351,0.0472842,0.08295403,0.012380284,0.0621553,0.15378383
154,Neutral,0.638775110244751,0.46427658,0.17642327,0.043569494,0.07336544,0.01197105,0.0741784,0.15621574
155,Neutral,0.8590471744537354,0.46575597,0.14075512,0.0432566,0.06785399,0.014166941,0.11331939,0.15489203
156,Neutral,1.0742530822753906,0.5297833,0.12915556,0.04323336,0.06275739,0.012163362,0.10398499,0.11892195
157,Neutral,1.29964017868042,0.5445987,0.12974028,0.04271189,0.062337667,0.0105090635,0.11168215,0.09842034
158,Neutral,1.5092182159423828,0.5741145,0.14203525,0.032530885,0.057010554,0.00774277,0.110126585,0.07643941
159,Neutral,1.7236533164978027,0.5932442,0.15757151,0.024600634,0.052356884,0.0058777374,0.104554065,0.061794918
160,Neutral,1.9348931312561035,0.55145127,0.18672659,0.019197013,0.049458165,0.0059545236,0.10032412,0.086888336
161,Neutral,2.154219150543213,0.51153594,0.20935477,0.015512638,0.047161505,0.0060851923,0.082737155,0.12761281
162,Neutral,2.3714652061462402,0.5793292,0.20601788,0.012851293,0.041504446,0.004232799,0.050663542,0.105400845
163,Neutral,2.5940511226654053,0.68493485,0.17539074,0.010918309,0.0330119,0.0025299583,0.028590377,0.06462388
164,Neutral,2.8076510429382324,0.77986515,0.13365148,0.009136409,0.024449935,0.0014530141,0.015957419,0.0354866
165,Neutral,3.024388074874878,0.82934684,0.10511607,0.008202391,0.020201407,0.0010578478,0.010349449,0.025725918
166,Neutral,3.233694314956665,0.8439526,0.09226226,0.0075318944,0.019565113,0.0010199063,0.0094110975,0.026257021
167,Neutral,3.4459073543548584,0.84473526,0.08041741,0.007289521,0.022168232,0.0013498926,0.011199614,0.032840125
168,Neutral,3.6581711769104004,0.8487186,0.07179018,0.0073280064,0.025532966,0.0014978758,0.01176285,0.03336963
169,Neutral,3.8767940998077393,0.84300196,0.06630101,0.0075569307,0.030551387,0.0017813218,0.013383225,0.03742412
170,Neutral,4.1212379932403564,0.8613903,0.054113105,0.008203941,0.03018489,0.0016340889,0.014913767,0.029559927
171,Neutral,4.326874256134033,0.86077094,0.052463464,0.00877343,0.031827424,0.0016128861,0.018063959,0.026487773
172,Neutral,4.537894248962402,0.8356778,0.05607925,0.0084697595,0.03685742,0.002042352,0.022791613,0.03808199
173,Neutral,4.752854108810425,0.7790925,0.0705102,0.008696561,0.045245443,0.002933314,0.03362108,0.059901014
174,Neutral,4.96519923210144,0.7070222,0.08738932,0.008399379,0.052103855,0.004117991,0.047009148,0.09395809
175,Neutral,5.181944131851196,0.66659075,0.10637508,0.00716218,0.0535188,0.0044608884,0.047197156,0.1146952
176,Neutral,5.400355100631714,0.707469,0.12186865,0.005858119,0.05116413,0.0034243474,0.039677326,0.070538506
177,Neutral,5.847633123397827,0.7242478,0.14536482,0.0049622636,0.049015798,0.002525101,0.034544226,0.03933998
178,Neutral,6.050063133239746,0.715506,0.1777203,0.004219467,0.0482826,0.0018845741,0.02975047,0.02263672
179,Neutral,6.257315158843994,0.69279194,0.21750256,0.0035696493,0.04714242,0.0014318946,0.02425944,0.013302092
180,Neutral,6.5242180824279785,0.620066,0.2924934,0.0028506701,0.050839707,0.001288267,0.020145787,0.012316149
181,Neutral,6.737820148468018,0.5504588,0.36305177,0.0023717952,0.055611305,0.0012284486,0.017542306,0.0097355135
182,Neutral,6.973350286483765,0.5190813,0.4061626,0.0021985248,0.05360159,0.0009315565,0.012086803,0.005937673
183,Neutral,7.191233158111572,0.48929387,0.44070572,0.0022384292,0.053587902,0.0007869009,0.009341806,0.004045409
184,Happiness,1.1920928955078125e-06,0.46016958,0.47252417,0.0022616293,0.053953454,0.00070850336,0.007371103,0.0030115515
185,Happiness,0.21746492385864258,0.45505908,0.4774989,0.0022343858,0.054977216,0.0006964234,0.0066343043,0.002899778
186,Neutral,1.1920928955078125e-06,0.49884883,0.43205386,0.0023774812,0.05571558,0.0007646837,0.0070663807,0.00317314
187,Neutral,0.215378999710083,0.5538455,0.37504694,0.0024868818,0.056256715,0.00087353564,0.0076901605,0.0038001551
188,Neutral,0.4244370460510254,0.598686,0.32832065,0.0025550046,0.056371395,0.0009658593,0.008541345,0.0045597823
189,Neutral,0.6379091739654541,0.62579596,0.29627728,0.0026525552,0.058191165,0.0010920133,0.010187959,0.0058030365
190,Neutral,0.8524801731109619,0.6526138,0.26495504,0.0028401085,0.05807568,0.001237251,0.012739729,0.0075383857
191,Neutral,1.0634472370147705,0.66839653,0.24007796,0.0029960922,0.05890503,0.0014328201,0.01784404,0.010347427
192,Neutral,1.275197982788086,0.6999557,0.1980993,0.0029861613,0.05687664,0.0017348189,0.02420685,0.016140422
193,Neutral,1.4853250980377197,0.71127,0.17053553,0.003041137,0.055102248,0.0021671872,0.03419641,0.023687493
194,Neutral,1.7004191875457764,0.6994716,0.15329102,0.0033058282,0.053456582,0.0027752274,0.05078063,0.03691914
195,Neutral,1.9017329216003418,0.66509825,0.16114724,0.0034482898,0.057977658,0.003154234,0.0637049,0.04546951
196,Neutral,2.118638277053833,0.6189366,0.1679909,0.00336458,0.0670393,0.004041452,0.076636024,0.06199114
197,Neutral,2.3351502418518066,0.6094711,0.1635041,0.003278833,0.069730215,0.0043993015,0.07835091,0.07126564
198,Neutral,2.55245304107666,0.65692556,0.14212279,0.0031711645,0.0656978,0.004230577,0.06308011,0.06477212
199,Neutral,2.7779431343078613,0.7118675,0.11891065,0.003056585,0.059146214,0.003869965,0.04836834,0.054780707
200,Neutral,2.9936110973358154,0.738338,0.10482356,0.003075927,0.05647939,0.0037659972,0.0419459,0.05157128
201,Neutral,3.200571060180664,0.7571373,0.09436597,0.0031606727,0.054043826,0.003893853,0.0376521,0.04974635
202,Neutral,3.4104080200195312,0.7645469,0.09222239,0.0032827193,0.05523106,0.003990991,0.036186293,0.044539783
203,Neutral,3.6210598945617676,0.78813523,0.09024885,0.0032801593,0.051878948,0.0034137906,0.02867192,0.034370992
204,Neutral,3.830749034881592,0.7951173,0.09447451,0.0032367758,0.05277671,0.0030320517,0.024083463,0.027279245
205,Neutral,4.053837060928345,0.7774872,0.10885824,0.00338929,0.05680074,0.0029821743,0.023906635,0.026575787
206,Neutral,4.261669874191284,0.73320746,0.13588433,0.003560657,0.06712954,0.0032864104,0.027144574,0.029787146
207,Neutral,4.472805023193359,0.677177,0.16760875,0.00367028,0.08040915,0.003903317,0.031907197,0.0353242
208,Neutral,4.681186199188232,0.6218247,0.1958084,0.0037127873,0.09439255,0.004645359,0.036930397,0.042685837
209,Neutral,4.896067142486572,0.5696178,0.22349551,0.0036668754,0.10836344,0.005302117,0.040972207,0.04858202
210,Neutral,5.110246896743774,0.54384434,0.24366917,0.0035942022,0.115076594,0.0052974406,0.040252272,0.048266053
211,Neutral,5.33147406578064,0.57571983,0.24162035,0.0035325666,0.106703185,0.0042491094,0.031217039,0.036957897
212,Neutral,5.5505101680755615,0.63325083,0.21748962,0.003469865,0.08961465,0.0032754855,0.025721008,0.027178539
213,Neutral,5.762542247772217,0.68924797,0.1917471,0.0035044882,0.07322083,0.0024587098,0.020410541,0.019410465
214,Neutral,5.977283954620361,0.73117363,0.17165065,0.003592709,0.059769593,0.0019426428,0.016911646,0.014959144
215,Neutral,6.19598388671875,0.762933,0.15655006,0.003814692,0.049603444,0.0015591411,0.014001989,0.011537695
216,Neutral,6.405626058578491,0.7875546,0.13900319,0.0045416625,0.044401754,0.0014013445,0.012834155,0.010263311
217,Neutral,6.632448196411133,0.81439483,0.11997157,0.005354477,0.03786642,0.0012236746,0.012013052,0.009175998
218,Neutral,6.855710983276367,0.8392124,0.101298496,0.006147156,0.032551188,0.0011342762,0.01136315,0.008293238
219,Neutral,7.069485187530518,0.8622783,0.08380006,0.006945092,0.027506385,0.0010567665,0.010890981,0.007522395
220,Neutral,7.302194118499756,0.86384565,0.078735955,0.0076150615,0.02719246,0.00116953,0.012756039,0.008685339
221,Neutral,7.510596990585327,0.8705577,0.0698813,0.00860417,0.02601217,0.0012497146,0.0141547825,0.00954012
222,Neutral,7.731308221817017,0.8710369,0.06526359,0.009710508,0.02579577,0.0013712398,0.016234715,0.010587227
223,Neutral,7.954885959625244,0.8763971,0.058186587,0.010591452,0.025421426,0.0013772002,0.017616192,0.010410212
224,Neutral,8.202553033828735,0.8778636,0.053969223,0.011549053,0.025537992,0.001401599,0.0195369,0.010141643
225,Neutral,8.440802097320557,0.88641286,0.047357373,0.0110163465,0.02392969,0.0013423659,0.019970335,0.009970865
226,Neutral,8.651945114135742,0.8931542,0.045687553,0.009981859,0.022251716,0.001201417,0.018837111,0.008886096
227,Neutral,8.860989093780518,0.881087,0.051258154,0.010816949,0.023140663,0.0012338044,0.021887217,0.0105762705
228,Neutral,9.095345973968506,0.8695808,0.05382072,0.011907912,0.024069909,0.0013606208,0.0254539,0.013806044
229,Neutral,9.302860021591187,0.85674614,0.055462625,0.013297444,0.0249172,0.0015076912,0.02997096,0.018098015
230,Neutral,9.50796389579773,0.84123677,0.058631353,0.014142071,0.025565825,0.0016823716,0.035315815,0.023425734
231,Neutral,9.717955827713013,0.8239459,0.061602343,0.014394175,0.026995655,0.0019567332,0.039705746,0.031399436
232,Neutral,9.953195095062256,0.8049679,0.06402906,0.015265717,0.028475147,0.0023039863,0.043314356,0.041643772
233,Neutral,10.183994054794312,0.78644824,0.06481468,0.015640846,0.029210942,0.0026010796,0.04673285,0.054551434
234,Neutral,10.39988899230957,0.7729068,0.062916234,0.016149133,0.029410176,0.0028848215,0.04856594,0.06716693
235,Neutral,10.631049156188965,0.7734775,0.060454115,0.016664844,0.028818209,0.0029813105,0.04390275,0.073701255
236,Neutral,10.847187042236328,0.7989942,0.054418158,0.015546985,0.026823267,0.0028429031,0.03535673,0.06601774
237,Neutral,11.060012102127075,0.8383542,0.046763226,0.013792325,0.02365657,0.0024492997,0.025987122,0.048997197
238,Neutral,11.287512063980103,0.8680226,0.04277527,0.012378201,0.021304246,0.0019842223,0.019529987,0.034005392
239,Neutral,11.519384145736694,0.8886304,0.039881464,0.011369934,0.019802833,0.0016361271,0.015317964,0.023361344
240,Neutral,11.740493059158325,0.912891,0.03419803,0.010779965,0.017093318,0.0011590034,0.010495703,0.013382977
241,Neutral,11.95231008529663,0.92640334,0.031047275,0.0107027115,0.015690904,0.00086381123,0.0075937975,0.007698181
242,Neutral,12.172749042510986,0.9329027,0.029676083,0.01028694,0.015360382,0.0007173624,0.0058717784,0.0051846365
243,Neutral,12.383096933364868,0.9334083,0.030628826,0.010092363,0.015999647,0.00067493523,0.005134632,0.004061272
244,Neutral,12.613085985183716,0.93199456,0.03278827,0.010046403,0.016672129,0.00062924,0.0046635135,0.0032057622
245,Neutral,12.829166889190674,0.9300379,0.03417223,0.010479418,0.017029813,0.0006183738,0.0047768257,0.0028853228
246,Neutral,13.03953218460083,0.92925173,0.0355542,0.010228409,0.01690671,0.00058165117,0.004792976,0.0026843399
247,Neutral,13.255708932876587,0.9293005,0.036648776,0.010115282,0.016308656,0.0005324437,0.0045856223,0.0025086997
248,Neutral,13.473634243011475,0.9268338,0.03791343,0.010605796,0.016600782,0.00053922704,0.00486153,0.0026454236
249,Neutral,13.689681053161621,0.9229334,0.03957371,0.011641219,0.017034823,0.0005611134,0.0053534005,0.0029024095
250,Neutral,13.905973196029663,0.91615206,0.042464755,0.013203211,0.0177691,0.0006019082,0.006456452,0.0033525208
251,Neutral,14.137938976287842,0.907805,0.04499715,0.015444102,0.018761104,0.0006682524,0.00814187,0.0041823974
252,Neutral,14.352084159851074,0.8899079,0.05249722,0.018888772,0.020882837,0.0008066031,0.011033108,0.005983545
253,Neutral,14.580871105194092,0.86650205,0.0599108,0.023987846,0.023704626,0.0010714753,0.015496076,0.009326989
254,Neutral,14.793612241744995,0.8327552,0.07006357,0.03018927,0.027442299,0.0014926292,0.022563007,0.015494027
255,Neutral,15.012632846832275,0.79516935,0.077124566,0.037793998,0.030020274,0.0020092377,0.033516925,0.02436571
256,Neutral,15.23587417602539,0.74992806,0.07849126,0.048312422,0.032033686,0.0027886757,0.04856829,0.0398777
257,Neutral,15.45282793045044,0.6659218,0.08268406,0.06166423,0.04016548,0.004503558,0.07514654,0.0699143
258,Neutral,15.672038078308105,0.62061006,0.086719185,0.06839773,0.048131857,0.0056115505,0.0793937,0.091136016
259,Neutral,15.887672185897827,0.5701119,0.09155905,0.07627663,0.057722397,0.0070887343,0.083605886,0.113635555
262,Neutral,16.318750143051147,0.56760997,0.09328546,0.08199664,0.06441134,0.007889338,0.072001755,0.112805516
263,Neutral,16.52223491668701,0.59478104,0.09584903,0.079543866,0.0667665,0.007950007,0.06492777,0.09018184
264,Neutral,16.73641610145569,0.6235297,0.10222582,0.07816536,0.07049088,0.0071643055,0.04925325,0.06917067
265,Neutral,16.956132888793945,0.63746643,0.111168325,0.0735687,0.072900005,0.006875189,0.044813033,0.053208232
266,Neutral,17.16658115386963,0.6410676,0.114511296,0.07734119,0.07493909,0.007063206,0.04107827,0.043999348
267,Neutral,17.3785080909729,0.6003125,0.13504678,0.080471575,0.084532715,0.0085815145,0.040892873,0.05016212
268,Neutral,17.583632946014404,0.56066877,0.15753669,0.08320994,0.09120494,0.009644824,0.04193554,0.0557993
269,Neutral,17.796591997146606,0.57260114,0.1721042,0.079197794,0.090645,0.008282584,0.040689014,0.036480352
270,Neutral,18.01457691192627,0.59920806,0.16645423,0.070325956,0.09178275,0.0073968535,0.036752116,0.028080039
271,Neutral,18.265880823135376,0.6224855,0.16155541,0.061115894,0.09201976,0.0066463924,0.033916995,0.022260068
272,Neutral,18.47782301902771,0.63018554,0.1625173,0.052689333,0.09485974,0.006230997,0.032786757,0.020730289
273,Neutral,18.722652912139893,0.6460618,0.15294513,0.046689454,0.093765214,0.0061671045,0.032715075,0.021656327
274,Neutral,18.967437982559204,0.6616005,0.1452404,0.04136333,0.09148818,0.0059335516,0.031981736,0.022392228
275,Neutral,19.19974708557129,0.69147056,0.12861809,0.036997598,0.08493122,0.0056404592,0.029502375,0.022839913
276,Neutral,19.436025857925415,0.7217222,0.128098,0.027576955,0.07506872,0.004717548,0.023798198,0.019018514
277,Neutral,19.67602801322937,0.76971287,0.10934468,0.023097938,0.057571005,0.0038557407,0.017377023,0.019040648
278,Neutral,19.913810968399048,0.8002653,0.09311591,0.019021368,0.047212727,0.003653008,0.014058908,0.022672929
279,Neutral,20.151153087615967,0.8217724,0.07730837,0.016891433,0.040182367,0.0037990888,0.01146321,0.028583093
280,Neutral,20.374845027923584,0.8367009,0.068295866,0.013666591,0.03523583,0.0037663393,0.008908214,0.033426106
281,Neutral,20.64882802963257,0.84944206,0.057601683,0.0114251515,0.030785957,0.0037893439,0.007837541,0.03911827
282,Neutral,20.894715070724487,0.8551446,0.050789412,0.0096464865,0.02737596,0.003861322,0.0077054296,0.045476686
283,Neutral,21.207300901412964,0.868851,0.044481963,0.00789497,0.02270581,0.0032538874,0.0062718615,0.04654034
284,Neutral,21.492142915725708,0.8775722,0.039252687,0.006430336,0.019378196,0.0028203526,0.0054991296,0.04904711
285,Neutral,21.74975299835205,0.8801046,0.034181055,0.00570595,0.018879624,0.0029945178,0.006037007,0.052097224
286,Neutral,22.082380056381226,0.8846878,0.032375697,0.005173805,0.019083755,0.0027930518,0.0060906447,0.049795255
287,Neutral,22.324888944625854,0.8762276,0.034525894,0.00500433,0.022163432,0.0029542337,0.0071449894,0.051979452
288,Neutral,22.851452112197876,0.8623437,0.037633434,0.0044885194,0.025479918,0.003210677,0.007815748,0.05902803
289,Neutral,23.157520055770874,0.83924776,0.043360766,0.0039811926,0.030820299,0.003670299,0.0092019625,0.06971766
290,Neutral,23.365272998809814,0.8299641,0.04941914,0.0034931276,0.03501701,0.0037495436,0.009823429,0.06853368
291,Neutral,23.61824607849121,0.8273843,0.056330565,0.0029501182,0.037265357,0.003585932,0.0096233,0.06286041
292,Neutral,23.846188068389893,0.8100893,0.06536487,0.0026341816,0.042427275,0.0039722114,0.01193102,0.063581206
293,Neutral,24.05775213241577,0.7775347,0.08027199,0.002418763,0.05093575,0.004989872,0.015574597,0.06827442
294,Neutral,24.273792028427124,0.723732,0.105994105,0.002372572,0.062075444,0.0063563357,0.022693753,0.0767758
295,Neutral,24.494614124298096,0.6379183,0.13780645,0.002315915,0.07790757,0.008653744,0.032256,0.10314205
296,Neutral,24.71768617630005,0.6478854,0.14543913,0.0021858886,0.081531815,0.008055369,0.033240844,0.08166166
297,Neutral,24.96258306503296,0.6591953,0.14328894,0.002132903,0.08317699,0.0076247016,0.034701794,0.06987944
298,Neutral,25.1862530708313,0.6743257,0.13629006,0.0023145883,0.08358245,0.006716006,0.033593077,0.06317809
299,Neutral,25.444610118865967,0.7066193,0.12623718,0.002461828,0.07864245,0.005316915,0.028987246,0.051735077
300,Neutral,25.66943383216858,0.73884773,0.115796894,0.0027148745,0.07346601,0.0040941886,0.024336442,0.04074386
301,Neutral,25.896039962768555,0.7767731,0.10124453,0.0029591161,0.06537758,0.0030613213,0.020260317,0.030324185
302,Neutral,26.122209072113037,0.8160402,0.087705255,0.0030344578,0.05420423,0.0022097486,0.015178334,0.021627842
303,Neutral,26.376275062561035,0.84634477,0.07523814,0.0030395302,0.045761213,0.001755963,0.012039829,0.01582046
304,Neutral,26.610151052474976,0.87079257,0.06480995,0.0029978731,0.038815007,0.0014376547,0.009457196,0.011689773
305,Neutral,26.990413188934326,0.87367743,0.069137275,0.0030877225,0.035851017,0.0011756765,0.0084797945,0.0085910745
306,Neutral,27.250659227371216,0.88384116,0.06702052,0.0030650727,0.031529635,0.0010128326,0.0072737425,0.006257082
307,Neutral,27.50394916534424,0.8776736,0.073211,0.0029775458,0.032055795,0.0010183483,0.00700393,0.006059729
308,Neutral,27.757465839385986,0.8774088,0.07505027,0.0028561647,0.031266518,0.0009924605,0.006537617,0.0058881277
309,Neutral,27.98762607574463,0.8822041,0.071747415,0.002782054,0.030724922,0.0009820367,0.00591458,0.005644846
310,Neutral,28.213584899902344,0.8877757,0.06579722,0.0027741469,0.03136944,0.0010554432,0.005338592,0.0058894902
311,Neutral,28.44007396697998,0.8936766,0.061569985,0.002764083,0.031110559,0.0010211845,0.0045459773,0.0053118416
312,Neutral,28.67079782485962,0.9053151,0.052000813,0.0029046626,0.030554652,0.00097576174,0.003843371,0.0044057956
313,Neutral,28.90482807159424,0.9191549,0.04110418,0.0030590189,0.028769415,0.0009417999,0.0032313007,0.0037394497
314,Neutral,29.381309032440186,0.92953455,0.033398952,0.0032488047,0.027069649,0.00092016894,0.0027614508,0.0030662941
315,Neutral,29.586710214614868,0.9348332,0.029097272,0.0035537397,0.026547702,0.0009152567,0.0024672183,0.0025856767
316,Neutral,29.805914878845215,0.93570286,0.028988298,0.0035271405,0.026340785,0.00088243955,0.0023959347,0.0021625122
317,Neutral,30.024956941604614,0.93530613,0.030453635,0.0036229596,0.025531504,0.000845878,0.0022733836,0.0019663472
318,Neutral,30.24232816696167,0.93644667,0.03103307,0.0036574784,0.024032215,0.00080262194,0.0020835113,0.0019442606
319,Neutral,30.4659640789032,0.93292004,0.035025362,0.003968634,0.023120428,0.00077150355,0.002191596,0.0020024432
320,Neutral,30.6995050907135,0.9331126,0.036111828,0.0041518463,0.021399023,0.0007391922,0.002243412,0.0022421146
321,Neutral,30.922554969787598,0.9315364,0.03738295,0.0044169975,0.02061189,0.00074588566,0.0025655683,0.0027403184
322,Neutral,31.145582914352417,0.9269931,0.039559055,0.0048685693,0.021029267,0.00080515543,0.0031305936,0.0036143097
323,Neutral,31.386487245559692,0.91865337,0.04426426,0.0054970244,0.021721108,0.0008743913,0.0041508838,0.0048389942
324,Neutral,31.616414070129395,0.9095599,0.04700263,0.006247916,0.023280844,0.0010248017,0.0055220234,0.0073618726
325,Neutral,31.829164028167725,0.9030938,0.04559702,0.0069875447,0.023869516,0.0012529513,0.007318845,0.011880276
326,Neutral,32.04247498512268,0.9038868,0.03829088,0.008244052,0.022505203,0.0014753744,0.008793944,0.016803784
327,Neutral,32.271726846694946,0.91266453,0.031123238,0.007679258,0.021173257,0.001597372,0.008587592,0.017174726
328,Neutral,32.49723410606384,0.91421217,0.027136516,0.007583748,0.021354321,0.0018442466,0.009383023,0.018485839
329,Neutral,32.71529722213745,0.9225307,0.02362153,0.00659769,0.020472728,0.0019089911,0.00862657,0.016241651
330,Neutral,32.93192505836487,0.92024636,0.025538092,0.005883488,0.022342738,0.00206475,0.008253291,0.015671274
331,Neutral,33.14851689338684,0.9177033,0.029237572,0.0050981105,0.025237972,0.0020772447,0.006963076,0.01368268
332,Neutral,33.383312940597534,0.9173539,0.03299082,0.004547164,0.027070278,0.0019205287,0.005992159,0.010125143
333,Neutral,33.60683608055115,0.91426927,0.037464004,0.004089066,0.029039675,0.0018645729,0.005221373,0.008052013
334,Neutral,33.81921696662903,0.90557367,0.045685124,0.0036902786,0.03155632,0.0018184612,0.004799852,0.0068762703
335,Neutral,34.03956580162048,0.88342166,0.06180674,0.003357282,0.03702272,0.0019491526,0.0053469874,0.007095649
336,Neutral,34.30239295959473,0.82835615,0.09404246,0.0032570946,0.051932476,0.0029472017,0.008382016,0.011082643
337,Neutral,34.52761721611023,0.7707472,0.13296099,0.0033256004,0.063564315,0.0033691716,0.011099066,0.01493377
338,Neutral,34.74903607368469,0.696631,0.18525587,0.0034104772,0.07611667,0.0037194279,0.014466859,0.020399675
339,Neutral,34.97988510131836,0.6256468,0.23109318,0.0034372774,0.08631633,0.00433178,0.019159503,0.030014927
340,Neutral,35.1984601020813,0.5773743,0.26165873,0.003495779,0.08808368,0.004582817,0.02251163,0.04229312
341,Neutral,35.443533182144165,0.5405065,0.2745648,0.0036581007,0.08613315,0.004821694,0.026750274,0.06356557
342,Neutral,35.69986605644226,0.49128333,0.28210422,0.004028204,0.08542966,0.0052513937,0.032750674,0.099152505
343,Neutral,35.96315407752991,0.42867798,0.27578163,0.004534076,0.08261936,0.0057646567,0.039779913,0.16284248
344,Neutral,36.176636934280396,0.41825026,0.23710234,0.0049541662,0.07727233,0.005997123,0.04092285,0.21550092
345,Neutral,36.40073204040527,0.47149336,0.20441347,0.005336359,0.07602697,0.005730032,0.03767848,0.19932142
346,Neutral,36.62333393096924,0.5754434,0.1613245,0.005379377,0.06745426,0.0051512257,0.030941818,0.15430532
347,Neutral,36.838805198669434,0.68504506,0.12026068,0.0050920364,0.053411864,0.0043191486,0.02269508,0.10917617
348,Neutral,37.067054271698,0.7826091,0.08451303,0.0045280806,0.039588172,0.0034398036,0.0156055065,0.06971631
349,Neutral,37.29242706298828,0.8561614,0.057961132,0.0037947174,0.028860308,0.0026203957,0.009977461,0.040624723
350,Neutral,37.51381206512451,0.9088804,0.03867766,0.0030691582,0.02035941,0.0018447757,0.005865895,0.021302678
351,Neutral,37.73145604133606,0.93792313,0.026981018,0.0025593836,0.015316241,0.001413744,0.0036537254,0.012152724
352,Neutral,37.94366121292114,0.95297533,0.0208391,0.0022372613,0.012596561,0.0011460065,0.0024717224,0.007734061
353,Neutral,38.1702401638031,0.9627871,0.016940163,0.0019983181,0.010657468,0.000930292,0.0017377423,0.004948928
354,Neutral,38.397499084472656,0.966805,0.0155482115,0.0018489711,0.009836431,0.00080656406,0.0013939214,0.0037608754
355,Neutral,38.62057614326477,0.9686206,0.015025506,0.0017819235,0.009591342,0.00071620115,0.0012078901,0.0030565085
356,Neutral,38.843080043792725,0.9693709,0.014528455,0.0017679349,0.009628697,0.00070518994,0.0011545679,0.0028444792
357,Neutral,39.06379199028015,0.96948135,0.013957814,0.0018385989,0.010131451,0.00071266125,0.0011121255,0.0027660679
358,Neutral,39.29098296165466,0.9695551,0.013349779,0.0019410397,0.010543568,0.0007251742,0.001085189,0.0028001224
359,Neutral,39.509753942489624,0.97010744,0.012521665,0.0021222774,0.010471531,0.00074429886,0.0010925788,0.0029401286
360,Neutral,39.72910809516907,0.9706905,0.011830173,0.0022798884,0.010273558,0.0007575279,0.0010913516,0.0030771068
361,Neutral,39.962563276290894,0.97125936,0.011460996,0.0024024425,0.009849464,0.00076096604,0.0010901287,0.0031765923
362,Neutral,40.19564700126648,0.97115785,0.011480768,0.0024906145,0.009739602,0.00076548674,0.0011011751,0.003264526
363,Neutral,40.41799998283386,0.9718251,0.010999815,0.0025347269,0.00937637,0.00077511393,0.0010963269,0.0033925155
364,Neutral,40.65150022506714,0.97193366,0.010829743,0.0025900684,0.009209515,0.0007843798,0.0010847104,0.0035679073
365,Neutral,40.87221097946167,0.972222,0.010776818,0.002503249,0.009028174,0.000783733,0.001045548,0.0036405702
366,Neutral,41.10432696342468,0.9716077,0.010720325,0.0025280924,0.009174973,0.0008708749,0.0010822534,0.004015911
367,Neutral,41.328985929489136,0.9710805,0.010764786,0.0024441238,0.009342107,0.00095415884,0.0011417499,0.0042726784
368,Neutral,41.55214500427246,0.9701034,0.010911748,0.0024181786,0.009707965,0.0010492759,0.001238181,0.0045713917
369,Neutral,41.78461003303528,0.97136265,0.010495724,0.0023038408,0.00923522,0.0010026792,0.0011770352,0.004422805
370,Neutral,42.012967109680176,0.97141457,0.010369297,0.0022769233,0.00912751,0.0009945994,0.0012005622,0.004616571
371,Neutral,42.231208086013794,0.97315943,0.009621112,0.0022583238,0.008711942,0.00095707603,0.0011259532,0.0041659754
372,Neutral,42.45387411117554,0.97540843,0.008784303,0.002245842,0.008032359,0.00088656234,0.0010233794,0.0036191253
373,Neutral,42.68533515930176,0.97742647,0.008249682,0.0021885203,0.007379947,0.00078857876,0.0009391489,0.003027572
374,Neutral,42.910799980163574,0.97969383,0.0075079883,0.0020896834,0.006804701,0.0006848969,0.0008176476,0.0024013203
375,Neutral,43.13775396347046,0.98098916,0.0069217803,0.002071766,0.006616267,0.0006407674,0.00075996923,0.0020003638
376,Neutral,43.36968517303467,0.98156077,0.006643203,0.0021063609,0.0065656635,0.00061542995,0.0007173906,0.0017912085
377,Neutral,43.59366726875305,0.98162246,0.006512829,0.0021316481,0.006708619,0.00062474544,0.0007304262,0.0016692737
378,Neutral,43.81708598136902,0.98165923,0.0063873758,0.0021435325,0.0069056493,0.0006308462,0.000726042,0.0015474058
379,Neutral,44.0410521030426,0.98070484,0.006617703,0.0022626475,0.007422924,0.0006856465,0.00079372374,0.0015124471
380,Neutral,44.2729868888855,0.97956604,0.0071268575,0.0023242692,0.007898283,0.0007272532,0.00087641866,0.0014807906
381,Neutral,44.49642610549927,0.9782778,0.0076979394,0.0024196033,0.008283009,0.0007771404,0.0010131781,0.0015312297
382,Neutral,44.72986912727356,0.97727615,0.008206241,0.0024257172,0.008625994,0.0008056686,0.0010715794,0.001588529
383,Neutral,44.9514639377594,0.9758532,0.0088535715,0.002483757,0.009137637,0.0008582116,0.0011571883,0.0016563963
384,Neutral,45.18475103378296,0.9750845,0.009731182,0.0023484938,0.009187503,0.0008281703,0.0012079941,0.0016121662
385,Neutral,45.411096811294556,0.9734544,0.010943254,0.0022145428,0.009725691,0.0008100137,0.0012686597,0.0015833752
386,Neutral,45.64466595649719,0.9711514,0.0124129485,0.0021418503,0.01042955,0.0008174405,0.0013786064,0.0016681774
387,Neutral,45.88003587722778,0.9682928,0.013805075,0.002073582,0.011596535,0.00086926215,0.0014947954,0.001868008
388,Neutral,46.10942006111145,0.9641689,0.015610288,0.0020701345,0.013202382,0.0009830372,0.0017089412,0.002256333
389,Neutral,46.37055802345276,0.9633875,0.015468737,0.0020385566,0.013514607,0.0010333844,0.0018148434,0.0027422337
390,Neutral,46.61000394821167,0.9629263,0.014987159,0.0020512345,0.013414923,0.0010829217,0.002000697,0.0035368414
391,Neutral,46.84027719497681,0.9627859,0.014185763,0.0021382612,0.0128418645,0.0011214843,0.0022882316,0.0046387226
392,Neutral,47.061655044555664,0.9591633,0.01436515,0.0022271257,0.013610063,0.0012704238,0.0026958336,0.0066681397
393,Neutral,47.285841941833496,0.95061207,0.0151290605,0.0024687387,0.015545933,0.0016219406,0.0035561281,0.011066045
394,Neutral,47.50605797767639,0.9317591,0.017802324,0.0030283213,0.021780685,0.002355438,0.004808215,0.018465834
395,Neutral,47.73300313949585,0.9164683,0.019771207,0.0034555416,0.026172604,0.0027735569,0.005319204,0.02603947
396,Neutral,47.97223615646362,0.8967652,0.021495055,0.0039304416,0.030741146,0.0033241059,0.006071593,0.03767242
397,Neutral,48.194507122039795,0.88852394,0.021039039,0.004234565,0.030255683,0.003390837,0.0065636435,0.04599223
398,Neutral,48.41847205162048,0.8904721,0.018467074,0.004614451,0.027139222,0.003165842,0.0066117207,0.049529597
399,Neutral,48.637959003448486,0.88616323,0.018364297,0.0047390847,0.025893988,0.0031915612,0.006950707,0.05469718
400,Neutral,48.85604524612427,0.8814937,0.018372979,0.00479793,0.026212348,0.0034030287,0.0068543833,0.0588656
401,Neutral,49.07876682281494,0.88426733,0.017498506,0.004913102,0.025226064,0.0034579958,0.006323519,0.05831359
402,Neutral,49.307950258255005,0.9083142,0.013748299,0.0050518136,0.020525204,0.0029435176,0.004901001,0.044515993
403,Neutral,49.589524030685425,0.9284273,0.010715921,0.0052672797,0.016592206,0.0024243228,0.0036861408,0.032887004
404,Neutral,49.80047106742859,0.95145214,0.007069702,0.005270962,0.012017162,0.001868761,0.0024790966,0.019842284
405,Neutral,50.03970694541931,0.9652667,0.005294842,0.005125598,0.009375147,0.0014312443,0.001808837,0.0116975065
406,Neutral,50.269197940826416,0.9720737,0.004377027,0.0051701427,0.007872501,0.0011943245,0.0014192885,0.007892952
407,Neutral,50.500828981399536,0.9734138,0.0043749493,0.005053579,0.0073190806,0.0011234513,0.0013172128,0.0073978803
408,Neutral,50.73180389404297,0.9750244,0.004283376,0.004934068,0.006800087,0.0010535828,0.0012115086,0.006693155
409,Neutral,50.95694589614868,0.9750743,0.004010654,0.00504268,0.0068656784,0.0011493921,0.0013008256,0.006556532
410,Neutral,51.18392205238342,0.97609246,0.00377262,0.0051620537,0.0067817494,0.0011176624,0.0013652745,0.0057082004
411,Neutral,51.41360402107239,0.97549134,0.0037556463,0.005360303,0.007079602,0.0011778476,0.0015903984,0.005544951
412,Neutral,51.6731390953064,0.9748708,0.003866837,0.0055121025,0.007202296,0.0012193685,0.0019368613,0.0053917607
413,Neutral,51.9007408618927,0.97350794,0.004114802,0.00566635,0.007547499,0.0013045225,0.0024103445,0.0054485244
414,Neutral,52.12883114814758,0.9705277,0.004488973,0.005971224,0.007919351,0.0014789093,0.003264359,0.0063493736
415,Neutral,52.3600709438324,0.96974397,0.0045358143,0.0060079694,0.0075164353,0.001473291,0.003555414,0.007167081
416,Neutral,52.576712131500244,0.9701628,0.0044298796,0.005990904,0.0067707645,0.0013592163,0.0036178424,0.007668594
417,Neutral,52.79280710220337,0.96981835,0.004480799,0.006133434,0.0061827092,0.0012503652,0.0038180489,0.008316409
418,Neutral,53.01014518737793,0.9697693,0.0045458674,0.006181907,0.0056563765,0.0011272879,0.0039208517,0.008798471
419,Neutral,53.22701120376587,0.97019684,0.0046230266,0.006029083,0.005232167,0.0010068506,0.0039389865,0.008973012
420,Neutral,53.45092797279358,0.97229093,0.0045699156,0.005758131,0.0048160125,0.0008671473,0.003450129,0.008247783
421,Neutral,53.67698907852173,0.97353995,0.0046156365,0.0055902386,0.004491836,0.0007723127,0.0031931251,0.0077968836
422,Neutral,53.909647941589355,0.9753862,0.004485638,0.005299935,0.004209702,0.00068512774,0.0028838175,0.007049544
423,Neutral,54.134915828704834,0.9771075,0.0043309266,0.0050168126,0.003917608,0.00061398017,0.0025704238,0.0064427005
424,Neutral,54.356568813323975,0.97779316,0.004358919,0.0048997873,0.0037266447,0.0005583746,0.0023904287,0.0062726876
425,Neutral,54.572721004486084,0.9773501,0.00456069,0.0050032446,0.0036298467,0.00053330493,0.0024479046,0.00647501
426,Neutral,54.7991509437561,0.97644687,0.004830387,0.0050526927,0.0035857842,0.00053262204,0.0025815812,0.006970173
427,Neutral,55.02411508560181,0.9752421,0.00514355,0.005136014,0.003652745,0.0005478067,0.002749577,0.0075281127
428,Neutral,55.24606800079346,0.9739741,0.0053930082,0.0052659065,0.003661961,0.0005626166,0.0028577303,0.008284575
429,Neutral,55.48052096366882,0.97293866,0.0055959816,0.005336943,0.0036716324,0.00057588244,0.002991074,0.008889826
430,Neutral,55.69913721084595,0.9716617,0.005942289,0.0053752908,0.003731134,0.0005955044,0.0033085316,0.009385654
431,Neutral,55.922590017318726,0.9708128,0.0063895495,0.005261612,0.0037825755,0.0006062264,0.0035995431,0.00954755
432,Neutral,56.151355028152466,0.9692693,0.007048,0.005069377,0.0039343424,0.00063038536,0.003892123,0.010156479
433,Neutral,56.38542103767395,0.9683328,0.007776511,0.0047288844,0.0040641665,0.0006442009,0.0039993073,0.010454095
434,Neutral,56.621150970458984,0.9660613,0.00876375,0.0045406655,0.0043764873,0.0006881847,0.004157645,0.011412065
435,Neutral,56.846429109573364,0.96061873,0.010358799,0.00457714,0.0049979836,0.00079688034,0.004548473,0.014101878
436,Neutral,57.09277296066284,0.95324016,0.01217428,0.004736047,0.00579047,0.00094970665,0.005076244,0.018032925
437,Neutral,57.3149619102478,0.94904494,0.013131938,0.0048543527,0.0062019024,0.0010281178,0.0056770425,0.020061651
438,Neutral,57.53840494155884,0.9466411,0.013332526,0.0049229655,0.0064093294,0.0010759998,0.0062719015,0.021346226
439,Neutral,57.76200985908508,0.94270474,0.013477928,0.0050731436,0.0066103605,0.0011462227,0.007086402,0.023901103
440,Neutral,57.984212160110474,0.93415487,0.014206886,0.00529447,0.007472298,0.0013543679,0.008093898,0.029423276
441,Neutral,58.20591402053833,0.9156281,0.015114376,0.0059903525,0.009612777,0.0019102982,0.010315134,0.041429017
442,Neutral,58.432146072387695,0.90728575,0.015269749,0.006572741,0.011120125,0.002258878,0.011732329,0.04576048
443,Neutral,58.64984893798828,0.89513624,0.015774926,0.0073541226,0.012825664,0.0027031698,0.0138310725,0.052374914
444,Neutral,58.87537217140198,0.8968767,0.015109391,0.007479687,0.013088614,0.0027260887,0.014393722,0.05032582
445,Neutral,59.094058990478516,0.9075816,0.013280213,0.0076742424,0.012106922,0.0025001373,0.013635345,0.04322149
446,Neutral,59.3145649433136,0.91645736,0.011677734,0.0076331394,0.011182653,0.0023160854,0.012621313,0.038111713
447,Neutral,59.54182410240173,0.9028396,0.01141847,0.008318689,0.011767131,0.0027992039,0.013102232,0.0497546
448,Neutral,59.764667987823486,0.89230835,0.011227454,0.008967204,0.011930376,0.0030676464,0.01319379,0.05930509
449,Neutral,59.98151206970215,0.8863551,0.010824012,0.009600775,0.012237708,0.0032590765,0.012573538,0.06514989
450,Neutral,60.19834923744202,0.902489,0.00932153,0.010297683,0.010987925,0.00280853,0.011188289,0.052907154
451,Neutral,60.4198842048645,0.91364473,0.008589162,0.010242024,0.010240692,0.0024564958,0.0099128,0.044914108
452,Neutral,60.6536910533905,0.91736895,0.0083544515,0.010518554,0.010023731,0.0023239588,0.009350186,0.042060055
453,Neutral,60.87675595283508,0.9150182,0.008640635,0.011166259,0.010323905,0.0023819942,0.009814245,0.042654794
454,Neutral,61.09508204460144,0.91140807,0.0090249535,0.011733783,0.010520308,0.0024789278,0.009907875,0.044926077
455,Neutral,61.58494806289673,0.9018174,0.010076774,0.012303708,0.01102728,0.002682604,0.011002898,0.051089276
456,Neutral,61.79420804977417,0.882994,0.011910061,0.013387273,0.011944606,0.0031198557,0.013748682,0.0628955
457,Neutral,62.01953315734863,0.86350256,0.013599683,0.014379703,0.012438226,0.0035644798,0.01656714,0.07594807
458,Neutral,62.23767399787903,0.84726095,0.015176607,0.015270861,0.012654575,0.0038197383,0.01856801,0.0872492
459,Neutral,62.471790075302124,0.8437929,0.015473299,0.016341547,0.011938016,0.0037857757,0.019268192,0.08940023
460,Neutral,62.77809000015259,0.8506503,0.015251749,0.016139634,0.011219255,0.0036489666,0.01761704,0.085472964
461,Neutral,63.029704093933105,0.8524498,0.015465458,0.016124992,0.010688449,0.0035799209,0.017353622,0.08433773
462,Neutral,63.346410036087036,0.87288964,0.0148373395,0.014560346,0.009968816,0.0030453955,0.015141267,0.06955723
463,Neutral,63.56631898880005,0.9011363,0.013399982,0.012206654,0.008991318,0.0023908676,0.011963086,0.04991197
464,Neutral,63.795665979385376,0.923036,0.0123029435,0.01023747,0.008306508,0.0018552281,0.009517597,0.03474425
465,Neutral,64.03172302246094,0.93620664,0.0116521735,0.00905445,0.008262814,0.0015291688,0.007857908,0.025436638
466,Neutral,64.2436408996582,0.94494,0.011349849,0.007898383,0.008748851,0.0013401549,0.0064832824,0.019239573
467,Neutral,64.46815800666809,0.9517724,0.01062465,0.006830163,0.0092496965,0.001250158,0.0052686073,0.015004248
468,Neutral,64.68771004676819,0.95685226,0.010121787,0.00596317,0.009847716,0.0011696996,0.0042068926,0.011838591
469,Neutral,64.90481209754944,0.95968384,0.009967594,0.0055041984,0.010245925,0.0011014576,0.0036172504,0.009879737
470,Neutral,65.12717390060425,0.9616933,0.009824362,0.00546185,0.0103422385,0.0010273,0.0032976244,0.008353423
471,Neutral,65.35651302337646,0.96477795,0.009737446,0.005316034,0.009903804,0.0009139243,0.0028795723,0.006471368
472,Neutral,65.56632709503174,0.9656471,0.010215648,0.00507578,0.009338117,0.0008763276,0.0025879948,0.0062589683
473,Neutral,65.79428100585938,0.965067,0.011636429,0.0048222295,0.009131522,0.00083861663,0.002392486,0.006111592
474,Neutral,66.0202808380127,0.96442574,0.013073629,0.0046427874,0.0089402115,0.0008474996,0.00226602,0.00580406
475,Neutral,66.24826717376709,0.9662004,0.014319759,0.0040674577,0.00868959,0.0007219976,0.0018863725,0.004114354
476,Neutral,66.46623802185059,0.9661876,0.015901659,0.0039672568,0.008500866,0.00062721723,0.0016900918,0.0031252916
477,Neutral,66.7069320678711,0.9619849,0.020014744,0.0039573284,0.009044132,0.0005848247,0.0017208055,0.0026932575
478,Neutral,66.9498770236969,0.9564655,0.025148312,0.0039437194,0.009781199,0.0005565887,0.0017358648,0.0023688271
479,Neutral,67.16638898849487,0.94489866,0.03427911,0.0037113416,0.012131275,0.00060742395,0.0019891341,0.0023829772
480,Neutral,67.40354108810425,0.9286531,0.04709545,0.0035425848,0.014999133,0.00067365967,0.0023968134,0.002639204
481,Neutral,67.66818904876709,0.9164314,0.05635644,0.0033443195,0.016736977,0.0007256216,0.0030633833,0.0033418708
482,Neutral,67.88265705108643,0.9106912,0.059882663,0.0030731005,0.01731738,0.0007841688,0.003891786,0.0043598036
483,Neutral,68.10724210739136,0.90309787,0.06365491,0.0028031226,0.01807919,0.00088239124,0.005343793,0.0061387955
484,Neutral,68.32682299613953,0.8940617,0.06590408,0.0026686862,0.019286603,0.001063964,0.0077108545,0.009304141
485,Neutral,68.57012104988098,0.8869337,0.06847476,0.0025900973,0.01985877,0.001139377,0.009556834,0.011446604
486,Neutral,68.79437303543091,0.8873266,0.068362325,0.0024667124,0.018724043,0.0010551144,0.010202149,0.011863045
487,Neutral,69.02206707000732,0.88385105,0.06729292,0.002485498,0.01837334,0.0011151043,0.012403224,0.014478963
488,Neutral,69.2422149181366,0.88124675,0.06505302,0.0024871086,0.017861588,0.0011764066,0.0148865115,0.017288668
489,Neutral,69.47832298278809,0.87599546,0.059161592,0.002502305,0.017727945,0.0014067589,0.019124828,0.024081254
490,Neutral,69.70182704925537,0.86782867,0.0580757,0.0024131516,0.019404428,0.0017077433,0.022248497,0.028321844
491,Neutral,69.92317605018616,0.86099815,0.06396527,0.00247232,0.02058127,0.0017618127,0.023006752,0.02721443
492,Neutral,70.13910102844238,0.85303926,0.07273307,0.0024961862,0.021645568,0.001793482,0.021285826,0.027006583
493,Neutral,70.37107586860657,0.84360653,0.083555065,0.0025243727,0.023207257,0.0018369895,0.018953824,0.026315982
494,Neutral,70.59573197364807,0.83271587,0.09832719,0.0025063183,0.024900194,0.0017806701,0.016030297,0.023739563
495,Neutral,70.82072710990906,0.81527567,0.1174875,0.0025357811,0.026847772,0.0017327291,0.014924956,0.021195516
496,Neutral,71.04482698440552,0.80300105,0.13581143,0.0026266174,0.027363699,0.0015241413,0.012079474,0.017593633
497,Neutral,71.27532911300659,0.7890339,0.1512438,0.0027921,0.028727502,0.0014243674,0.010498377,0.016280103
498,Neutral,71.49868702888489,0.7918841,0.15157415,0.0031248273,0.028880132,0.0012917201,0.0087096365,0.014535548
499,Neutral,71.72257900238037,0.7904564,0.1532694,0.003422622,0.029871551,0.001221397,0.008221699,0.013536882
500,Neutral,71.94324517250061,0.81472236,0.13252315,0.0037037157,0.02795814,0.0010965267,0.0076403352,0.01235579
501,Neutral,72.16992592811584,0.8333812,0.113291785,0.0036757125,0.028606663,0.0011040863,0.0068670395,0.013073499
502,Neutral,72.38499402999878,0.8553162,0.09276249,0.003620383,0.028388083,0.0011128101,0.006438078,0.012362017
503,Neutral,72.61126112937927,0.8716971,0.076591894,0.0035116312,0.028270243,0.001192358,0.0060995133,0.0126374485
504,Neutral,72.83984899520874,0.8993083,0.055319063,0.0032345362,0.024347868,0.0011571444,0.0054393006,0.011193737
505,Neutral,73.06374216079712,0.92366993,0.0378848,0.0029583054,0.020233482,0.001107297,0.004645939,0.00950013
506,Neutral,73.28391790390015,0.93681073,0.026681157,0.0027898178,0.017775202,0.0011733173,0.0042846473,0.0104850745
507,Neutral,73.51051020622253,0.9419942,0.02370038,0.0025362654,0.016344406,0.0011742272,0.0039494853,0.010300854
508,Neutral,73.72656011581421,0.9455394,0.021208404,0.0023235756,0.015132655,0.0012076667,0.003608041,0.010980354
509,Neutral,73.94353914260864,0.9486266,0.01862547,0.0022650782,0.0139768915,0.0012724678,0.00351313,0.011720533
510,Neutral,74.16846919059753,0.9487926,0.016825747,0.0022760252,0.013264686,0.0014369352,0.003537658,0.013866396
511,Neutral,74.38947796821594,0.95832807,0.012836216,0.0024178158,0.010471679,0.0012737112,0.0030137047,0.011658864
512,Neutral,74.60819101333618,0.96403116,0.010690852,0.0026470888,0.009088442,0.0011253931,0.0025730368,0.00984394
513,Neutral,74.83687996864319,0.968305,0.009164571,0.0029212362,0.007949843,0.0009811519,0.002144423,0.0085338475
514,Neutral,75.06165623664856,0.96488357,0.009230003,0.0032161816,0.008090011,0.0010927746,0.0022524628,0.011235024
515,Neutral,75.29275822639465,0.95899934,0.0095655,0.0035919321,0.008550602,0.0013195166,0.0025296463,0.015443471
516,Neutral,75.52770900726318,0.96139956,0.009260192,0.0035470326,0.008120687,0.0012135942,0.0022589227,0.0142001035
517,Neutral,75.76706314086914,0.9633681,0.009090457,0.003557792,0.00799056,0.0011276149,0.0020439918,0.012821433
518,Neutral,75.98523306846619,0.96476626,0.009091031,0.0035869263,0.00796706,0.0010468268,0.0018650445,0.011677007
519,Neutral,76.19992709159851,0.9635575,0.009817662,0.0036725514,0.008425901,0.0010243437,0.0018711917,0.011630893
520,Neutral,76.42192506790161,0.95761174,0.012415579,0.004016527,0.009671784,0.0010554035,0.0021867135,0.013042293
521,Neutral,76.65446996688843,0.9461956,0.017045818,0.004535482,0.011826904,0.0011801163,0.0029067248,0.016309246
522,Neutral,76.88309693336487,0.9311066,0.023205044,0.0052436017,0.0143253775,0.0013502936,0.0040127574,0.020756323
523,Neutral,77.10940504074097,0.9112245,0.031443983,0.0059584854,0.017311297,0.0015576893,0.005563376,0.026940696
524,Neutral,77.33453392982483,0.8974464,0.03619425,0.006583119,0.018319868,0.0016469258,0.007417513,0.03239199
525,Neutral,77.61073207855225,0.880995,0.04073005,0.007311538,0.019491628,0.0017852095,0.010470742,0.03921582
526,Neutral,77.84435510635376,0.858686,0.046029337,0.008578261,0.02127479,0.0020028825,0.015423437,0.04800539
527,Neutral,78.10306692123413,0.83808213,0.049014546,0.00953824,0.022095814,0.0023004087,0.02125255,0.057716344
